{
  "accuracy": 0.5090802311897278,
  "loss": 0.7060108780860901,
  "val_accuracy": 0.47072598338127136,
  "val_loss": 0.7036336064338684,
  "epoch": 0,
  "global_step": 54
}