{
  "accuracy": 0.7609800100326538,
  "loss": 0.6816608309745789,
  "val_accuracy": 0.7013999819755554,
  "val_loss": 0.880150318145752,
  "epoch": 7,
  "global_step": 12504
}