{
  "accuracy": 0.49241146445274353,
  "loss": 0.6966426372528076,
  "val_accuracy": 0.47191011905670166,
  "val_loss": 0.7003312110900879,
  "epoch": 0,
  "global_step": 56
}