{
  "accuracy": 0.5855448842048645,
  "loss": 0.6769483089447021,
  "val_accuracy": 0.46726861596107483,
  "val_loss": 0.7024725675582886,
  "epoch": 5,
  "global_step": 336
}