{
  "accuracy": 0.4851039946079254,
  "loss": 0.6987264156341553,
  "val_accuracy": 0.49438202381134033,
  "val_loss": 0.6937867403030396,
  "epoch": 0,
  "global_step": 56
}