{
  "accuracy": 0.5102518796920776,
  "loss": 0.7027415037155151,
  "val_accuracy": 0.48009368777275085,
  "val_loss": 0.693471372127533,
  "epoch": 0,
  "global_step": 54
}