{
  "accuracy": 0.538637638092041,
  "loss": 0.6894128322601318,
  "val_accuracy": 0.464530885219574,
  "val_loss": 0.6984199285507202,
  "epoch": 1,
  "global_step": 110
}