{
  "accuracy": 0.5573999881744385,
  "loss": 1.2430680990219116,
  "val_accuracy": 0.5411999821662903,
  "val_loss": 1.2863216400146484,
  "epoch": 9,
  "global_step": 15630
}