{
  "accuracy": 0.4991530179977417,
  "loss": 0.6971036195755005,
  "val_accuracy": 0.5507900714874268,
  "val_loss": 0.6919625997543335,
  "epoch": 0,
  "global_step": 56
}