{
  "accuracy": 0.5104460716247559,
  "loss": 0.6986438035964966,
  "val_accuracy": 0.51241534948349,
  "val_loss": 0.6932153105735779,
  "epoch": 0,
  "global_step": 56
}