{
  "accuracy": 0.5234330892562866,
  "loss": 0.6879288554191589,
  "val_accuracy": 0.46726861596107483,
  "val_loss": 0.7091770768165588,
  "epoch": 2,
  "global_step": 168
}