{
  "accuracy": 0.5424395799636841,
  "loss": 0.6880993843078613,
  "val_accuracy": 0.483146071434021,
  "val_loss": 0.6990482807159424,
  "epoch": 3,
  "global_step": 224
}