{
  "accuracy": 0.5087127685546875,
  "loss": 0.6998897790908813,
  "val_accuracy": 0.4471909999847412,
  "val_loss": 0.6985041499137878,
  "epoch": 0,
  "global_step": 56
}