{
  "accuracy": 0.5261383056640625,
  "loss": 0.6891875267028809,
  "val_accuracy": 0.5348314642906189,
  "val_loss": 0.6942103505134583,
  "epoch": 3,
  "global_step": 224
}