{
  "accuracy": 0.7293199896812439,
  "loss": 0.7784119248390198,
  "val_accuracy": 0.6854000091552734,
  "val_loss": 0.9055292010307312,
  "epoch": 6,
  "global_step": 10941
}